{
  "clips/0yFMF1sSb2E.9_3.mp4": 1.671995,
  "clips/0yFMF1sSb2E.9_8.mp4": 6.072739,
  "clips/11WfYWXFS9M_1.mp4": 0.510998,
  "clips/11WfYWXFS9M_21.mp4": 14.524272,
  "clips/11WfYWXFS9M_32.mp4": 28.513991,
  "clips/26b4e1c1-54c7-419f-b2d3-63ea52fd3540_117.mp4": 117.433333,
  "clips/26b4e1c1-54c7-419f-b2d3-63ea52fd3540_41.mp4": 41.033333,
  "clips/26b4e1c1-54c7-419f-b2d3-63ea52fd3540_72.mp4": 61.509002,
  "clips/3EBMpTiWAg8.11_12.mp4": 11.215011,
  "clips/3EBMpTiWAg8.11_7.mp4": 3.808005,
  "clips/4Q1s2y0cE8o.55_2.mp4": 2.02,
  "clips/4Q1s2y0cE8o.55_5.mp4": 5.34,
  "clips/4Q1s2y0cE8o.55_8.mp4": 8.73,
  "clips/4ZppEwEzpcU.5_3.mp4": 3.018005,
  "clips/4ZppEwEzpcU.5_7.mp4": 7.574241,
  "clips/4lc496pF1fo.5_1.mp4": 0.700701,
  "clips/4lc496pF1fo.5_12.mp4": 10.610998,
  "clips/4lc496pF1fo.5_9.mp4": 5.271939,
  "clips/4q7uW0w3ZRc_22.mp4": 22.011995,
  "clips/4q7uW0w3ZRc_23.mp4": 23.010998,
  "clips/6vh3mfBZcn4.55_11.mp4": 11.029002,
  "clips/6vh3mfBZcn4.55_3.mp4": 2.502503,
  "clips/76HTCZmJb7I_110.mp4": 84.241995,
  "clips/76HTCZmJb7I_165.mp4": 84.241995,
  "clips/G7TM9KOaim8.15_12.mp4": 6.176009,
  "clips/G7TM9KOaim8.15_14.mp4": 13.513991,
  "clips/HXtpWYWdsiY.3_12.mp4": 12.028005,
  "clips/IzCoEaGL8Gs.2_2.mp4": 2.321995,
  "clips/IzCoEaGL8Gs.2_5.mp4": 5.071738,
  "clips/NBIQ96Ss9zc.6_11.mp4": 9.109109,
  "clips/NBIQ96Ss9zc.6_2.mp4": 1.416009,
  "clips/P4vyy1hvQ2U.10_2.mp4": 2.919099,
  "clips/P4vyy1hvQ2U.10_8.mp4": 8.423686,
  "clips/PbXgf2fzjDo.7_17.mp4": 17.229002,
  "clips/PbXgf2fzjDo.7_2.mp4": 2.879002,
  "clips/PbXgf2fzjDo.7_7.mp4": 7.709002,
  "clips/RE2XqeZMIsM.7_15.mp4": 9.209209,
  "clips/RE2XqeZMIsM.7_18.mp4": 16.88355,
  "clips/SDRZfBB93bM_44.mp4": 38.521995,
  "clips/SDRZfBB93bM_77.mp4": 54.220888,
  "clips/_2N1hAfuOBI_19.mp4": 19.017007,
  "clips/_2N1hAfuOBI_23.mp4": 22.018349,
  "clips/_2N1hAfuOBI_31.mp4": 29.024187,
  "clips/_Cs2riJ92u8.1_14.mp4": 7.081995,
  "clips/_Cs2riJ92u8.1_30.mp4": 22.105011,
  "clips/_ovNbnjRUNQ.4_13.mp4": 11.493991,
  "clips/_ovNbnjRUNQ.4_2.mp4": 1.346009,
  "clips/bTMVVjv5zQ0.2_3.mp4": 2.925011,
  "clips/bTMVVjv5zQ0.2_7.mp4": 6.505421,
  "clips/bZJZsfLKIRc_116.mp4": 116.013344,
  "clips/bZJZsfLKIRc_166.mp4": 166.021995,
  "clips/eTYmMCc_qaI.26_13.mp4": 11.702993,
  "clips/eTYmMCc_qaI.26_15.mp4": 14.442993,
  "clips/etUgUgqxcEg.53_16.mp4": 14.314314,
  "clips/etUgUgqxcEg.53_3.mp4": 1.568235,
  "clips/etUgUgqxcEg.53_9.mp4": 6.37304,
  "clips/grp-b93ab731-52c3-43b2-9d99-4229663ba67c_21.mp4": 21.9,
  "clips/grp-b93ab731-52c3-43b2-9d99-4229663ba67c_32.mp4": 32.879002,
  "clips/grp-b93ab731-52c3-43b2-9d99-4229663ba67c_86.mp4": 60.0,
  "clips/i6DHD6IRHhM_109.mp4": 109.017007,
  "clips/i6DHD6IRHhM_14.mp4": 14.020202,
  "clips/i6DHD6IRHhM_53.mp4": 53.010998,
  "clips/jGM8EImhpXg_36.mp4": 36.013991,
  "clips/jGM8EImhpXg_40.mp4": 40.008005,
  "clips/jGM8EImhpXg_70.mp4": 70.008005,
  "clips/qIzC4Nn-qzA.13_14.mp4": 10.425354,
  "clips/qIzC4Nn-qzA.13_2.mp4": 1.346009,
  "clips/rIhzyR-wjDM.16_2.mp4": 2.577007,
  "clips/rIhzyR-wjDM.16_3.mp4": 3.621995,
  "videos/00DH3yn5C30_210.0_360.0.mp4": 150.000998,
  "videos/1d920f78-73d0-4323-b8b1-be51d27a69a7_303.mp4": 8.533333,
  "videos/211b46a3-4d20-4896-82ed-d56f41d90ab3_180.mp4": 34.333333,
  "videos/2TxVyxrOp0s.mp4": 81.942993,
  "videos/6745e6c6-27d3-433e-85f9-ecebbc991868_746.mp4": 2.166667,
  "videos/79f47a60-f1e9-4232-88b8-a1836e7dfd30_89.mp4": 1.633333,
  "videos/7f4225ed-a076-4530-91cf-f3903c5d7637_191.mp4": 17.9,
  "videos/8eVXTyIZ1Hs.mp4": 382.130998,
  "videos/99a250b0-a3bd-45de-9fb6-6f9a418dce1a_59.mp4": 4.0,
  "videos/AAgD4dbbSfA.mp4": 531.179002,
  "videos/Ehpo8gXg27I_660.0_810.0.mp4": 150.000998,
  "videos/EwItjBAwCbQ_60.0_210.0.mp4": 150.000998,
  "videos/FL0Cos34RjU_210.0_360.0.mp4": 150.000998,
  "videos/Iu7nF2VLF3c_60.0_210.0.mp4": 150.000998,
  "videos/KDpsbJHx1RI_360.0_510.0.mp4": 150.000998,
  "videos/a0b24dc7-12d4-49ee-b3a3-4192a26ebdfd_593.mp4": 7.533333,
  "videos/ac08c5ee-c104-4de3-bb1c-86b76e675e21_780.mp4": 49.666667,
  "videos/b785626b-2e72-4ee4-84de-16db332ecac6_752.mp4": 5.8,
  "videos/bf6e4f01-7891-42fe-9b52-1b5033379b44_680.mp4": 9.966667,
  "videos/c850f043-d449-4976-b483-aa49c15e3554_688.mp4": 2.066667,
  "videos/cpkXphR7tVo_60.0_210.0.mp4": 150.000998,
  "videos/db63576c-eacf-4ee0-a9a3-e4b671a833e6_565.mp4": 2.166667,
  "videos/e3ee60f1-5a34-4682-9ebb-ffbf1ea20758_376.mp4": 13.9,
  "videos/ed8d28d1-5d1e-4370-a946-9c39fe5c679b_131.mp4": 23.533333,
  "videos/efd894dd-968a-494e-9b49-7001f71b1fbd_839.mp4": 2.766667,
  "videos/ego_37.mp4": 480.002993,
  "videos/ego_38.mp4": 480.033333,
  "videos/ego_63.mp4": 447.0,
  "videos/haimian_6.mp4": 324.010998,
  "videos/iLS_YP1uEK8.mp4": 305.69,
  "videos/j9NNAmqweOA_360.0_510.0.mp4": 150.000998,
  "videos/mbdj8xfSIKo_60.0_210.0.mp4": 150.000998,
  "videos/needle_146.mp4": 399.4,
  "videos/needle_53.mp4": 461.031995,
  "videos/needle_54.mp4": 469.739002,
  "videos/needle_75.mp4": 505.010998,
  "videos/qAppJTZC0zk.mp4": 111.966009,
  "videos/rfu7-_K_k4w.mp4": 230.458005,
  "videos/u-AUW72Rs1o.mp4": 147.213991,
  "videos/wIUcc8g17wg.mp4": 412.967007,
  "videos/xUb7T-C0Yt4_360.0_510.0.mp4": 150.000998
}