{
  "clips/8Z0822sZ5Go.13_23.mp4": 15.515516,
  "clips/8Z0822sZ5Go.13_5.mp4": 2.809002,
  "clips/Kd3vC0lL9C4.57_10.mp4": 9.195011,
  "clips/fP8zX6UKsRA_41.mp4": 18.250998,
  "clips/fP8zX6UKsRA_45.mp4": 18.250998,
  "clips/gOATE_0D-48.2_10.mp4": 10.89,
  "clips/gOATE_0D-48.2_21.mp4": 21.640998,
  "clips/gOATE_0D-48.2_4.mp4": 4.132993,
  "videos/690f58f1-f18c-4415-bab0-787c2f83d051_473.mp4": 8.466667,
  "videos/8e1655e6-70dd-4280-943c-5d892867495e_548.mp4": 8.466667,
  "videos/G7oh5A7gGpQ_210.0_360.0.mp4": 150.016533,
  "videos/OpUD3kNKhBc.mp4": 259.297007,
  "videos/en_tv_11.mp4": 465.002993,
  "videos/movie101_14.mp4": 465.002993,
  "videos/nfN3oehcInI.mp4": 249.289002,
  "videos/x4kKIm8WWOA_360.0_510.0.mp4": 150.016533
}