{
  "clips/4tvTX9QIjOw.11_1.mp4": 0.836009,
  "clips/4tvTX9QIjOw.11_6.mp4": 4.137471,
  "clips/CuIlXDB81xg.65_1.mp4": 1.322993,
  "clips/LmmxoV3rgwY.31_8.mp4": 4.16,
  "clips/Z0Z5oT3DB8g.7_4.mp4": 2.415011,
  "videos/51fc62f8-00f4-44e3-af9c-7ebb63da6c3d_378.mp4": 1.266667,
  "videos/GecWkrZ8bPs.mp4": 34.087007,
  "videos/eBFyZ-JI_1s_210.0_360.0.mp4": 137.020998,
  "videos/grp-93d50e4c-0a3b-430a-8267-01fbe5f302f4_1.mp4": 1.3,
  "videos/movie101_1.mp4": 214.018005,
  "videos/movie101_77.mp4": 206.007007,
  "videos/q22F3P0Q6uI.mp4": 41.121995,
  "videos/rrTIeJRVGjg_360.0_510.0.mp4": 134.049002
}