{
  "bucket_labels": [
    "0-10s",
    "10-30s",
    "30-60s",
    "1-2m",
    "2-5m",
    "5-10m",
    "10-20m",
    "20m+"
  ],
  "bucket_ranges": [
    [
      0,
      10
    ],
    [
      10,
      30
    ],
    [
      30,
      60
    ],
    [
      60,
      120
    ],
    [
      120,
      300
    ],
    [
      300,
      600
    ],
    [
      600,
      1200
    ],
    [
      1200,
      Infinity
    ]
  ],
  "per_task": {
    "action_prediction": {
      "uses_clips": false,
      "unit": "per-sample video",
      "stats": {
        "n": 200,
        "min": 1.266667,
        "p25": 2.833333,
        "median": 10.033333,
        "mean": 234.94916670499998,
        "p75": 49.8,
        "p90": 846.433333,
        "max": 5913.5,
        "sum": 46989.833341,
        "counts": [
          100,
          33,
          23,
          4,
          7,
          8,
          11,
          14
        ]
      }
    },
    "dynamic_state_grounding": {
      "uses_clips": true,
      "unit": "per-sample clip-sum",
      "stats": {
        "n": 300,
        "min": 4.16,
        "p25": 12.760634,
        "median": 21.1,
        "mean": 271.27908052666663,
        "p75": 116.055046,
        "p90": 592.8,
        "max": 13698.533334,
        "sum": 81383.724158,
        "counts": [
          41,
          151,
          16,
          18,
          26,
          19,
          14,
          15
        ]
      }
    },
    "multiturn_dependency_reasoning": {
      "uses_clips": true,
      "unit": "per-sample clip-sum",
      "stats": {
        "n": 300,
        "min": 1.32,
        "p25": 17.514594000000002,
        "median": 41.333333,
        "mean": 224.2993525233333,
        "p75": 181.26666699999998,
        "p90": 370.9,
        "max": 7403.766667,
        "sum": 67289.805757,
        "counts": [
          35,
          91,
          35,
          28,
          68,
          26,
          5,
          12
        ]
      }
    },
    "proactive_alerting": {
      "uses_clips": false,
      "unit": "per-sample video",
      "stats": {
        "n": 200,
        "min": 134.027007,
        "p25": 150.0,
        "median": 150.016533,
        "mean": 149.80394551999998,
        "p75": 150.016533,
        "p90": 150.024875,
        "max": 150.026082,
        "sum": 29960.789104,
        "counts": [
          0,
          0,
          0,
          0,
          200,
          0,
          0,
          0
        ]
      }
    },
    "proactive_turntaking": {
      "uses_clips": false,
      "unit": "per-sample video",
      "stats": {
        "n": 200,
        "min": 206.0,
        "p25": 428.066667,
        "median": 471.666939,
        "mean": 549.622392115,
        "p75": 500.533867,
        "p90": 640.0,
        "max": 6028.661995,
        "sum": 109924.47842300001,
        "counts": [
          0,
          0,
          0,
          0,
          8,
          166,
          18,
          8
        ]
      }
    },
    "speaker_identification": {
      "uses_clips": false,
      "unit": "per-sample video",
      "stats": {
        "n": 200,
        "min": 34.087007,
        "p25": 227.857007,
        "median": 453.043991,
        "mean": 781.598090295,
        "p75": 1021.050998,
        "p90": 1760.026009,
        "max": 3382.358005,
        "sum": 156319.618059,
        "counts": [
          0,
          0,
          8,
          20,
          37,
          53,
          44,
          38
        ]
      }
    }
  },
  "overall": {
    "total_samples": 1400,
    "total_tasks": 6,
    "stats": {
      "n": 1400,
      "min": 1.266667,
      "p25": 19.766471,
      "median": 150.0,
      "mean": 351.3344634585714,
      "p75": 415.0,
      "p90": 745.966667,
      "max": 13698.533334,
      "sum": 491868.248842,
      "counts": [
        176,
        275,
        82,
        70,
        346,
        272,
        92,
        87
      ]
    }
  }
}